Name,Company,State,City,Salary,Location,Url
Android Developer, Ideatree  ,,Mumbai,725000,Mumbai,
Android Developer - 4 to 6 Years, Capgemini  ,,Mumbai,390000,Mumbai,
Software Engineer, Calypso Technology  ,,Mumbai,430000,Mumbai,
Android Developer, JobzDart  ,,Mumbai,650000,Mumbai,
Android Developer, SAAR  ,,Mumbai,400000,Mumbai,
Android Developer - 4 to 6 years, Capgemini  ,,Mumbai,758000,Mumbai,
Android Developer, ePaisa  ,,Mumbai,560000,Mumbai,
Android Developer, Shrooms Creatives  ,,Mumbai,502500,Mumbai,
Android Developer, Synergy Global Technologies Private Limited  ,,Mumbai,484000,Mumbai,
Android Developer, NXG Labs Pvt Ltd  ,,Mumbai,465500,Mumbai,
Android Developer, WowTables  ,,Mumbai,447000,Mumbai,
Android Developer, Harjai Computers Private Limited  ,,Mumbai,400000,Mumbai,
Android Developer, NASSCOM  ,,Mumbai,362000,Mumbai,
Android Developer, Quorg Technologies  ,,Mumbai,164000,Mumbai,
Android Developer, Paybackbazaarcom  ,,Mumbai,428500,Mumbai,
Senior Software Engineer, GEP  ,,Mumbai,410000,Mumbai,
Android Developer, OctaShop eRetail Services Private Limited  ,,Mumbai,391500,Mumbai,
Android Developer, Entrepreneurs Institute  ,,Mumbai,373000,Mumbai,
Android Developer, Association for Creative Enterprises International  ,,Mumbai,400000,Mumbai,
Android / ios Developer, Netcore Solutions  ,,Mumbai,340000,Mumbai,
Jr. Associate - Mobile Development (Android), Sportz Interactive  ,,Mumbai,232000,Mumbai,
Senior Android Developer, SensiBol  ,,Mumbai,354500,Mumbai,
"Analyst, Software Engineer", BlackRock  ,,Mumbai,336000,Mumbai,
Android Developer, Alkymia  ,,Mumbai,317500,Mumbai,
Android Developer, T3 softwares  ,,Thane,299000,Thane,
"Sr. Systems Engineer, Software Engineering (Android Apps)", Global Eagle Entertainment  ,,Mumbai,400000,Mumbai,
Android Developer (Urgent), Web Werks  ,,Mumbai,430000,Mumbai,
Android Developer - 4 yrs to 6 yrs, Capgemini  ,,Mumbai,628000,Mumbai,
Senior Software Developer, LogiNext Solutions  ,,Mumbai,280500,Mumbai,
Software Engineer - Java, J.P. Morgan  ,,Mumbai,262000,Mumbai,
